ΚΩΔ. ΣΧΟΛΗΣ,ΟΝΟΜΑ ΣΧΟΛΗΣ,ΝΕΟΕΛΛΗΝΙΚΗ ΓΛΩΣΣΑ ΚΑΙ ΛΟΓΟΤΕΧΝΙΑ,ΦΥΣΙΚΗ,ΧΗΜΕΙΑ,ΜΑΘΗΜΑΤΙΚΑ,
818,ΣΧΟΛΗ ΜΗΧΑΝΙΚΏΝ,25%,25%,25%,25%,
817,ΣΧΟΛΗ ΠΛΟΙΑΡΧΩΝ,25%,25%,25%,25%,
227,ΑΓΡΟΝΟΜΩΝ ΚΑΙ ΤΟΠΟΓΡΑΦΩΝ ΜΗΧΑΝΙΚΩΝ (ΘΕΣΣΑΛΟΝΙΚΗ),25%,25%,20%,30%,
233,ΑΡΧΙΤΕΚΤΟΝΩΝ ΜΗΧΑΝΙΚΩΝ (ΘΕΣΣΑΛΟΝΙΚΗ),25%,25%,25%,25%,
279,ΒΙΟΛΟΓΙΑΣ (ΘΕΣΣΑΛΟΝΙΚΗ),24%,22%,30%,24%,
285,ΓΕΏΛΟΓΙΑΣ {ΘΕΣΣΑΛΟΝΙΚΗ),25%,25%,25%,25%,
273,ΓΕΏΠΟΝΙΑΣ {ΘΕΣΣΑΛΟΝΙΚΗ) -ΑΠΘ,20%,20%,30%,30%,
275,ΔΑΣΟΛΟΓΙΑΣ ΚΑΙ ΦΥΣΙΚΟΥ ΠΕΡΙΒΑΛΛΟΝΤΟΣ {ΘΕΣΣΑΛΟΝΙΚΗ),20%,20%,30%,30%,
403,ΕΠΙΣΤΗΜΗΣ ΦΥΣΙΚΗΣ ΑΓΏΓΗΣ ΚΑΙ ΑΘΛΗΤΙΣΜΟΥ {ΘΕΣΣΑΛΟΝΙΚΗ),30%,25%,20%,25%,
402,ΕΠΙΣΤΗΜΗΣ ΦΥΣΙΚΗΣ ΑΓΏΓΗΣ ΚΑΙ ΑΘΛΗΤΙΣΜΟΥ {ΣΕΡΡΕΣ),30%,25%,20%,25%,
134,ΕΠΙΣΤΗΜΏΝ ΠΡΟΣΧΟΛΙΚΗΣ ΑΓΏΓΗΣ ΚΑΙ ΕΚlΑΙΔΕΥΣΗΣ {ΘΕΣΣΑΛΟΝΙΚΗ),25%,25%,25%,25%,
219,ΗΛΕΚΤΡΟΛΟΓΏΝ ΜΗΧΑΝΙΚΏΝ ΚΑΙ ΜΗΧΑ ΙΚΏΝ ΥΠΟΛΟΓΙΣΤΏΝ {ΘΕΣΣΑΛΟΝΙΚΗ),20%,30%,20%,30%,
168,ΘΕΑΤΡΟΥ {ΘΕΣΣΑΛΟΝΙΚΗ),25%,25%,25%,25%,
163,ΚΙΝΗΜΑΤΟΓΡΑΦΟΥ (ΘΕΣΣΑΛΟΝΙΚΗ),25%,25%,25%,25%,
245,ΜΑΘΗΜΑΤΙΚΏΝ (ΘΕΣΣΑΛΟΝΙΚΗΙ,20%,25%,20%,35%,
363,ΜΗΧΑ ΙΚΏΝ ΧΏΡΟΤΑΞΙΑΣ ΚΑΙ ΑΝΑΠΤΥΞΗΣ {ΘΕΣΣΑΛΟΝΙΚΗ),25%,25%,25%,25%,
211,ΜΗΧΑΝΟΛΟΓΩΝ ΜΗΧΑΝΙΚΩΝ (ΘΕΣΣΑΛΟΝΙΚΗ),25%,25%,25%,25%,
406,ΜΟΥΣΙΚΩΝ ΣΠΟΥΔΩΝ (ΘΕΣΣΑΛΟΝΙΚΗ),25%,,,20%,
140,ΠΑΙΔΑΓΩΓΙΚΟ ΔΗΜΟΤΙΚΗΣ ΕΚΠΑΙΔΕΥΣΗΣ (ΘΕΣΣΑΛΟΝΙΚΗ),25%,25%,25%,25%,
338,ΠΛΗΡΟΦΟΡΙΚΗΣ (ΘΕΣΣΑΛΟΝΙΚΗ),20%,30%,20%,30%,
203,ΠΟΛΙΤΙΚΩΝ ΜΗΧΑΝΙΚΩΝ (ΘΕΣΣΑΛΟΝΙΚΗ),25%,20%,20%,35%,
255,ΦΥΣΙΚΗΣ (ΘΕΣΣΑΛΟΝΙΚΗ),20%,33%,20%,27%,
265,ΧΗΜΕΙΑΣ (ΘΕΣΣΑΛΟΝΙΚΗ),20%,25%,35%,20%,
237,ΧΗΜΙΚΩΝ ΜΗΧΑΝΙΚΩΝ (ΘΕΣΣΑΛΟΝΙΚΗ),20%,25%,25%,30%,
497,ΕΚΠΑΙΔΕΥΤΙΚΩΝ ΗΛΕΚΤΡΟΛΟΓΩΝ ΜΗΧΑΝΙΚΩΝ ΚΑΙ ΕΚΠΑΙΔΕΥΤΙΚΩΝ ΗΛΕΚΤΡΟΝΙΚΩΝ ΜΗΧΑΝΙΚΩΝ - ΕΚΠΑΙΔΕΥΤΙΚΩΝ ΗΛΕΚΤΡΟΛΟΓΩΝ ΜΗΧΑΝΙΚΩΝ,25%,25%,20%,30%,
507,ΕΚΠΑΙΔΕΥΤΙΚΩΝ ΗΛΕΚΤΡΟΛΟΓΩΙJ ΜΗΧΑ ΙΚΩΝ ΚΑΙ ΕΚΠΑΙΔΕΥΤΙΚΩri ΗΛΕΚΤΡΟΝΙΚΩΝ ΜΗΧΑΝΙΚΩΝ- ΕΚΠΑΙΔΕΥΤΙΚΩΝ ΗΛΕΚΤΡΟΝΙΚΩΝ ΜΗΧΑ ΙΚΩΝ,25%,25%,20%,30%,
477,ΕΚΠΑΙΔΕΥΤΙΚΩΝ ΜΗΧΑΝΟΛΟΓΩΝ ΜΗΧΑ ΙΚΩΝ,25%,25%,20%,30%,
776,ΕΚΠΑΙΔΕΥΤΙΚΩΝ ΠΟΛΙΤΙΚΩΝ ΜΗΧΑ ΙΚΩΝ,25%,25%,20%,30%,
872,ΑΞΙΩΜΑΤΙΚΩΝ ΕΛΛΗΝΙΚΗΣ ΑΣΤΥΝΟΜΙΑΣ (ΜΟΝΟ ΓΙΑ ΑΣΤΥΝΟΜΙΚΟΥΣ),30%,20%,20%,30%,
869,ΑΞΙΩΜΑΤΙΚΩΝ ΕΛΛΗΝΙΚΗΣ ΑΣΤΥΝΟΜΙΑΣ (ΜΟΝΟ ΓΙΑ ΠΟΛΙΤΕΣ),30%,20%,20%,30%,
870,ΑΣΤΥΦΥΛΑΚΩΝ (ΜΟΝΟ ΓΙΑ ΠΟΛΙΤΕΣ),30%,20%,20%,30%,
327,ΑΞΙΟΠΟΙΗΣΗΣ ΦΥΣΙΚΩΝ ΠΟΡΩΝ ΚΑΙ ΓΕΩΡΓΙΚΗΣ ΜΗΧΑΝΙΚΗΣ (ΑΘΗΝΑ),20%,25%,25%,30%,
325,ΒΙΟΤΕΧΝΟΛΟΓΙΑΣ (ΑΘΗΝΑ),20%,25%,30%,25%,
1061,ΔΑΣΟΛΟΓΙΑΣ ΚΑΙ ΔΙΑΧΕΙΡΙΣΗΣ ΦΥΣΙΚΟΥ ΠΕΡΙΒΑΛΛΟΝΤΟΣ (ΚΑΡΠΕΝΗΣΙ),25%,25%,25%,25%,
324,ΕΠΙΣΤΗΜΗΣ ΖΩΙΚΗΣ ΠΑΡΑΓΩΓΗΣ (ΑΘΗΜ),20%,20%,30%,30%,
328,ΕΠΙΣΤΗΜΗΣ ΤΡΟΦΙΜΩΝ ΚΑΙ ΔΙΑΤΡΟΦΗΣ ΤΟΥ ΑΝΘΡΩΠΟΥ (ΑΘΗ Α),25%,20%,30%,25%,
323,ΕΠΙΣΤΗΜΗΣ ΦΥΤΙΚΗΣ ΠΑΡΑΓΩΓΗΣ (ΑΘΗ Α),25%,20%,35%,20%,
1610,ΑΓΩΓΗΣ ΚΑΙ ΦΡΟΝΤΙΔΑΣ ΣΤΗΝ ΠΡΩΙΜΗ ΠΑΙΔΙΚΗ ΗΛΙΚΙΑ (ΘΕΣΣΑΛΟΝΙΚΗ),25%,25%,25%,25%,
1634,ΓΕΩΠΟΝΙΑΣ (ΘΕΣΣΑΛΟΝΙΚΗ) - ΔΙ.ΠΑ.Ε.,20%,25%,30%,25%,
1627,ΔΗΜΙΟΥΡΓΙΚΟΥ ΣΧΕΔΙΑΣΜΟΥ ΚΑΙ ΕΝΔΥΣΗΣ (ΚΙΛΚΙΣ),25%,25%,25%,25%,
1603,ΔΙΟΙΚΗΣΗΣ ΕΦΟΔΙΑΣΤΙΚΗΣ ΑΛΥΣΙΔΑΣ (ΚΑΤΕΡΙΝΗ),25%,25%,25%,25%,
1635,ΕΠΙΣΤΗΜΗΣ ΚΑΙ ΤΕΧΝΟΛΟΓΙΑΣ ΤΡΟΦΙΜΩΝ (ΘΕΣΣΑΛΟΝΙΚΗ),20%,25%,30%,25%,
1626,ΕΣΩΤΕΡΙΚΗΣ ΑΡΧΙΤΕΚΤΟΝΙΚΗΣ (ΣΕΡΡΕΣ),25%,25%,25%,25%,
1624,ΜΗΧΑΝΙΚΩΝ ΠΑΡΑΓΩΓΗΣ ΚΑΙ ΔΙΟΙΚΗΣΗΣ (ΘΕΣΣΑΛΟΝΙΚΗ),25%,25%,25%,25%,
1623,ΜΗΧΑΝΙΚΩΝ ΠΕΡΙΒΑΛΛΟΝΤΟΣ (ΘΕΣΣΑΛΟΝΙΚΗ),20%,25%,30%,25%,
1625,ΜΗΧΑΝΙΚΩΝ ΠΛΗΡΟΦΟΡΙΚΗΣ ΚΑΙ ΗΛΕΚΤΡΟΝΙΚΩΝ ΣΥΣΤΗΜΑΤΩΝ (ΘΕΣΣΑΛΟΝΙΚΗ),25%,25%,20%,30%,
1622,"ΜΗΧΑΝΙΚΩΝ ΠΛΗΡΟΦΟΡΙΚΗΣ, ΥΠΟΛΟΓΙΣΤΩΝ ΚΑΙ ΤΗΛΕΠΙΚΟΙΝΩΝΙΩΝ (ΣΕΡΡΕΣ)",20%,30%,20%,30%,
1620,ΜΗΧΑΝΙΚΩΝ ΤΟΠΟΓΡΑΦΙΑΣ ΚΑΙ ΓΕΩΠΛΗΡΟΦΟΡΙΚΗΣ (ΣΕΡΡΕΣ),30%,20%,20%,30%,
1619,ΜΗΧΑΝΟΛΟΓΩΝ ΜΗΧΑΝΙΚΩΝ (ΣΕΡΡΕΣ),20%,30%,20%,30%,
1621,ΠΟΛΙΤΙΚΏΝ ΜΗΧΜΙΚΏΝ (ΣΕΡΡΕΣ),26%,27%,20%,27%,
353,ΑΓΡΟΤΙΚΗΣ ΑΝΑΠΤΥΞΗΣ (ΟΡΕΣΤΙΑΔΑ),25%,25%,25%,25%,
1633,ΑΜΠΕΛΟΥΡΓΙΑΣ ΚΑΙ ΟΙΝΟΛΟΓΙΑΣ (ΔΡΜ/Α),20%,20%,40%,20%,
234,ΑΡΧΙΤΕΚΤΟΝΏΝ ΜΗΧΑΝΙΚΏΝ (ΞΑΝΘΗ),25%,25%,25%,25%,
212,"ΔΑΣΟΛΟΓΙΑΣ ΚΑΙ ΔΙΑΧΕΙΡΙΣΗΣ ΠΕΡIΒΑΛΛΟΝΤΟΣ ΚΑΙ ΦΥΣΙΚΏΝ ΠΟΡΏΙ"" {ΟΡΕΣΤΙΑΔΑ)",30%,20%,30%,20%,
1607,ΔΙΟΙΚΗΤΙΚΗΣ ΕΠΙΣΤΗΜΗΣ ΚΑΙ ΤΕΧΝΟΛΟΓΙΑΣ {ΚΑΒΑΛΑ),30%,20%,20%,30%,
404,ΕΠΙΣΤΗΜΗΣ ΦΥΣΙΚΗΣ ΑΓΏΓΗΣ ΚΑΙ ΑΘΛΗΤΙΣΜΟΥ {ΚΟΜΟΤΗΝΗ),30%,25%,20%,25%,
160,ΕΠΙΣΤΗΜΏΝ ΤΗΣ ΕΚΠΑΙΔΕΥΣΗΣ ΣΤΗΝ ΠΡΟΣΧΟΛΙΚΗ ΗΛΙΚΙΑ (ΑΛΕΞΑΝΔΡΟΥΠΟΛΗ),25%,25%,25%,25%,
223,ΗΛΕΚΤΡΟΛΟΓΏΝ ΜΗΧΑΝΙΚΏΝ ΚΑΙ ΜΗΧΑ ΙΚΩΝ ΥΠΟΛΟΓΙΣΤΏΝ (ΞΑΝΘΗ),20%,30%,20%,30%,
224,ΜΗΧΑΝΙΚΩΝ ΠΑΡΑΓΩΓΗΣ ΚΑΙ ΔΙΟΙΚΗΣΗΣ (ΞΑΝΘΗ),20%,30%,20%,30%,
476,ΜΗΧΑΝΙΚΩΝ ΠΕΡΙΒΑΛΛΟΝΤΟΣ (ΞΑΝΘΗ),20%,30%,30%,20%,
290,ΜΟΡΙΑΚΗΣ ΒΙΟΛΟΓΙΑΣ ΚΑΙ ΓΕΝΕΤΙΚΗΣ (ΑΛΕΞΑΝΔΡΟΥΠΟΛΗ),20%,25%,30%,25%,
142,ΠΑΙΔΑΓΩΓΙΚΟ ΔΗΜΟΤΙΚΗΣ ΕΚΠΑΙΔΕΥΣΗΣ (ΑΛΕΞΑΝΔΡΟΥΠΟΛΗ),25%,25%,25%,25%,
1630,ΠΛΗΡΟΦΟΡΙΚΗΣ (ΚΑΒΑΛΑ),25%,25%,20%,30%,
207,ΠΟΛΙΤΙΚΩΝ ΜΗΧΑΝΙΚΩΝ (ΞΑΝΘΗ),26%,26%,20%,28%,
1632,ΦΥΣΙΚΟΥ ΠΕΡΙΒΑΛΛΟΝΤΟΣ ΚΑΙ ΚΛΙΜΑΤΙΚΗΣ ΑΝΘΕΚΤΙΚΟΤΗΤΑΣ (ΔΡΑΜΑ),20%,30%,30%,20%,
1628,ΦΥΣΙΚΗΣ (ΚΑΒΑΛΑ),20%,30%,23%,27%,
1629,ΧΗΜΕΙΑΣ (ΚΑΒΑΛΑ),20%,26%,28%,26%,
1001,"ΑΓΡΟΤΙ ΚΗΣ ΑΝΑΠΤΥΞΗΣ, ΑΓΡΟΔΙΑΤΡΟΦΗΣ ΚΑΙ ΔΙΑΧΕΙΡΙΣΗΣ ΦΥΣΙΚΩΝ ΠΟΡΩΝ (ΨΑΧΝΑ ΕΥΒΟΙΑΣ)",20%,25%,30%,25%,
1002,ΑΕΡΟΔΙΑΣΤΗΜΙΚΗΣ ΕΠΙΣΤΗΜΗΣ ΚΑΙ ΤΕΧΝΟΛΟΓΙΑΣ (ΨΑΧΝΑ ΕΥΒΟΙΑΣ),20%,30%,20%,30%,
277,ΒΙΟΛΟΓΙΑΣ (ΑΘΗΝΑ),22%,23%,30%,25%,
283,ΓΕΩΛΟΓΙΑΣ ΚΑΙ ΓΕΩΠΕΡΙΒΑΛΛΟΝΤΟΣ (ΑΘΗ Α),25%,25%,25%,25%,
154,ΕΚΠΑΙΔΕΥΣΗΣ ΚΑΙ ΑΓΩΓΗΣ ΣΤΗΝ ΠΡΟΣΧΟΛΙΚΗ ΗΛΙΚΙΑ (ΑΘΗΝΑ),25%,25%,25%,25%,
401,ΕΠΙΣΤΗΜΗΣ ΦΥΣΙΚΗΣ ΑΓΩΓΗΣ ΚΑΙ ΑΘΛΗΤΙΣΜΟΥ (ΑΘΗΝΑ),30%,25%,20%,25%,
173,ΙΣΤΟΡΙΑΣ ΚΑΙ ΦΙΛΟΣΟΦΙΑΣ ΤΗΣ ΕΠΙΣΤΗΜΗΣ {ΑΘΗΝΑ),28%,28%,22%,22%,
243,ΜΑΘΗΜΑΤΙΚΩΝ (ΑΘΗΝΑ),20%,25%,20%,35%,
408,ΜΟΥΣΙΚΩΝ ΣΠΟΥΔΩΝ {ΑΘΗΝΑ),30%,,,20%,
128,ΠΑΙΔΑΓΏΓΙΚΟ ΔΗΜΟΤΙΚΗΣ ΕΚΠΑΙΔΕΥΣΗΣ (ΑΘΗΝΑ),25%,25%,25%,25%,
330,ΠΛΗΡΟΦΟΡΙΚΗΣ ΚΑΙ ΤΗΛΕΠΙΚΟΙΝΏΝΙΏΝ (ΑΘΗΝΑ),20%,25%,20%,35%,
1008,ΤΕΧΝΟΛΟΓΙΏΝ ΨΗΦΙΑΚΗΣ ΒΙΟΜΗΧΑΝΙΑΣ (ΨΑΧΝΑ ΕΥΒΟΙΑΣ),20%,30%,20%,30%,
253,ΦΥΣΙΚΗΣ (ΑΘΗΝΑ),20%,33%,20%,27%,
263,ΧΗΜΕΙΑΣ (ΑΘΗΝΑ),20%,25%,30%,25%,
1011,ΨΗΦΙΑΚΏΝ ΤΕΧΝΏΝ ΚΑΙ ΚΙΝΗΜΑΤΟΓΡΑΦΟΥ (ΨΑΧΝΑ ΕΥΒΟΙΑΣ),30%,20%,20%,30%,
1657,ΓΕΏΠΟΝΙΑΣ (ΗΡΑΚΛΕΙΟ),30%,20%,30%,20%,
1656,ΔΙΟΙΚΗΤΙΚΗΣ ΕΠΙΣΤΗΜΗΣ ΚΑΙ ΤΕΧΝΟΛΟΓΙΑΣ (ΑΓΙΟΣ ΝΙΚΟΛΑΟΣ),25%,25%,25%,25%,
1660,ΗΛΕΚΤΡΟΛΌΓΩΝ ΜΗΧΑΝΙΚΏΝ ΚΑΙ ΜΗΧΑ ΙΚΩΝ ΥΠΟΛΟΓΙΣΤΏΝ (ΗΡΑΚΛΕΙΟ),30%,20%,20%,30%,
1662,ΗΛΕΚΤΡΟΝΙΚΏΝ ΜΗΧΑΝΙΚΏΝ (ΧΑΝΙΑ),27%,27%,26%,20%,
1659,ΜΗΧΑ ΟΛΟΓΩΝ ΜΗΧΑΝΙΚΏΝ (ΗΡΑΚΛΕΙΟ),25%,25%,20%,30%,
1664,ΜΟΥΣΙΚΗΣ ΤΕΧΝΟΛJΓΙΑΣ ΚΑΙ ΑΚΟΥΣΤΙΚΗΣ (ΡΕΘΥΜΝΟ),25%,25%,25%,25%,
225,ΑΓΡΟ ΟΜΩΝ ΚΑΙ ΤJΠΟΓΡΑΦΩΝ ΜΗΧΑ ΙΚΩΝ - ΜΗΧΑΝΙΚΩΝ ΓΕΩΠΛΗΡΟΦΟΡΙΚΗΣ (ΑΘΗΝΑ),25%,25%,20%,30%,
231,ΑΡΧΙΤΕΚΤΟΝΩΝ ΜΗΧΑΝΙΚΩΝ (ΑΘΗΜ),25%,25%,25%,25%,
246,ΕΦΑΡΜΟΣΜΕΝΩΝ ΜΑΘΗΜΑΤΙΚΩΝ ΚΑΙ ΦΥΣΙΚΩΝ ΕΠΙΣΤΗΜΩΝ (ΑΘΗΝΑ),20%,30%,20%,30%,
217,ΗΛΕΚΤΡΟΛΟΓΩΝ ΜΗΧΑΝΙΚΩΝ ΚΑΙ ΜΗΧΑ ΙΚΩΝ ΥΠΟΛΟΓΙΣΤΏΝ (ΑΘΗ Α),20%,30%,20%,30%,
241,ΜΕΤΑΛΛΕΙΟΛΟΓΩΝ- ΜΕΤΑΛΛΟΥΡΓΩΝ ΜΗΧΑΝΙΚΩΝ (ΑΘΗ Α),25%,25%,25%,25%,
209,ΜΗΧΑΝΟΛΟΓΩΝ ΜΗΧΑΝΙΚΩΝ (ΑΘΗΝΑ),22%,26%,20%,32%,
229,ΝΑΥΠΗΓΏΝ ΜΗΧΜΟΛΟΓΩΝ ΜΗΧΑΝΙΚΩΝ (ΑΘΗΝΑ),20%,30%,20%,30%,
201,ΠΟΛΙΤΙΚΏΝ ΜΗΧΜΙΚΩΝ (ΑΘΗΝΙ\),20%,27%,20%,33%,
235,ΧΗΜΙΚΩΝ ΜΗΧΑΝΙΚΩΝ (ΑΘΗΝΑΙ,20%,25%,25%,30%,
1452,ΕΠΙΣΤΗΜΗΣ ΚΑΙ ΤΕΧΝΟΛΟΓΙΑΣ ΤΡΟΦΙΜΏΝ {ΑΡΓΟΣΤΟΛΙ),24%,24%,28%,24%,
407,ΜΟΥΣΙΚΏΝ ΣΠΟΥΔΏΝ {ΚΕΡΚΥΡΑ),20%,,,20%,
1453,ΠΕΡΙΒΑΛΛΟΝΤΟΣ {ΖΑΚΥΝΘΟΣ),20%,30%,30%,20%,
366,ΠΛΗΡΟΦΟΡΙΚΗΣ (ΚΕΡΚΥΡΑ),20%,25%,25%,30%,
367,ΤΕΧΝΏΝ ΗΧΟΥ ΚΑΙ ΕΙΚΟΝΑΣ (ΚΕΡΚΥΡΑ),30%,20%,20%,30%,
882,ΣΧΟΛΗ ΔΟΚΙΜΏΝ ΛΙΜΕΝΟΦΥΜΚΏΝ (ΜΟΝΟ ΓΙΑ ΠΟΛΙΤΕΣ),30%,20%,20%,30%,
883,ΣΧΟΛΗ ΔΟΚΙΜΏΝ ΣΗΜΑΙΟΦΟΡΏΝ ΛΙΜΕΝΙΚΟΥ ΣΏΜΑΤΟΣ - ΕΛΛΗΝΙΚΗΣ ΑΚΤΟΦΥΛΑΚΗΣ (Σ.Δ.ΣΛΣ. - ΕΛ.ΑΚΤ.] (ΜΟΝΟ ΓΙΑ ΕΝ ΕΝΕΡΓΕΙΑ ΣΤΕΛΕΧΗ ΛΣ-ΕΛ.ΑΚΤ.],30%,20%,20%,30%,
881,ΣΧΟΛΗ ΔΟΚΙΜΏΝ ΣΗΜΑΙΟΦΟΡΏΝ ΛΙΜΕΝΙΚΟΥ ΣΏΜΑΤΟΣ - ΕΛΛΗΝΙΚΗΣ ΑΚΤΟΦΥΛΑΚΗΣ (Σ.Δ.ΣΛΣ. - ΕΛ.ΑΚΤ.) (ΜΟΝΟ ΓΙΑ ΠΟΛΙΤΕΣ),30%,20%,20%,30%,
240,ΔΙΟΙΚΗΤΙΚΗΣ ΕΠΙΣΤΗΜΗΣ ΚΑΙ ΤΕΧΝΟΛΟΓΙΑΣ {ΑΘΗΝΑ),30%,20%,20%,30%,
333,ΠΛΗΡΟΦΟΡΙΚΗΣ (ΑΘΗΝΑ),20%,30%,20%,30%,
329,ΣΤΑΤΙΣΤΙΚΗΣ (ΑΘΗΝΑ),22%,22%,22%,34%,
1211,ΕΦΑΡΜΟΣΜΕΝΗΣ ΠΛΗΡΟΦΟΡΙΚΗΣ - ΕΠΙΣΤΗΜΗ ΚΑΙ ΤΕΧΝΟΛΟΓΙΑ ΥΠΟΛΟΓΙΣΤΩΝ (ΘΕΣΣΑΛΟΝΙΚΗ),25%,25%,20%,30%,
1212,ΕΦΑΡΜΟΣΜΕΝΗΣ ΠΛΗΡΟΦΟΡΙΚΗΣ - ΠΛΗΡΟΦΟΡΙΑΚΑ ΣΥΣΤΗΜΑΤΑ (ΘΕΣΣΑΛΟΝΙΚΗ),25%,25%,20%,30%,
409,ΜΟΥΣΙΚΗΣ ΕΠΙΣΤΗΜΗΣ ΚΑΙ ΤΕΧΝΗΣ (ΘΕΣΣΑΛΟΝΙΚΗ),20%,,,20%,
310,ΓΕΩΓΡΑΦΙΑΣ (ΜΥΤΙΛΗΝΗ),20%,30%,20%,30%,
372,ΕΠΙΣΤΗΜΗΣ ΤΡΟΦΙΙΙ/ΙΩΝ ΚΑΙ ΔΙΑΤΡΟΦΗΣ (ΛΗΜ ΟΣ),25%,25%,25%,25%,
162,ΕΠΙΣΤΗΜΩΝ ΤΗΣ ΠΡΟΣΧΟΛΙΚΗΣ ΑΓΩΓΗΣ ΚΑΙ ΕΚΠΑΙΔΕΥΤΙΚΟΥ ΣΧΕΔΙΑΣΜΟΥ (ΡΟΔΟΣ),25%,25%,25%,25%,
252,ΜΑΘΗΜΑΤΙΚΏΝ (ΣΑΜΟΣ),20%,25%,20%,35%,
222,ΜΗΧΑΝΙΚΏΝ ΟΙΚΟΝΟΜΙΑΣ ΚΑΙ ΔΙΟΙΚΗΣΗΣ (ΧΙΟΣ),25%,25%,25%,25%,
344,ΜΗΧΑΝΙΚΏΝ ΠΛΗΡΟΦΟΡΙΑΚΏΝ ΚΑΙ ΕΠΙΚΟΙΝΩΝΙΑΚΏΝ ΣΥΣΤΗΜΑΤΩΝ (ΣΑΜΟΣ),25%,25%,20%,30%,
238,ΜΗΧΑΝΙΚΏΝ ΣΧΕΔΙΑΣΗΣ ΠΡΟΪΟΝΤΩΝ ΚΑΙ ΣΥΣΤΗΜΑΤΩΝ (ΣΥΡΟΣ),25%,25%,20%,30%,
143,ΠΑΙΔΑΓΩΓΙΚΟ ΔΗΜΟΤΙΚΗΣ ΕΚΠΑΙΔΕΥΣΗΣ (ΡΟΔΟΣ),25%,25%,25%,25%,
276,ΠΕΡΙΒΑΛΛΟΝΤΟΣ (ΜΥΤΙΛΗΝΗ),20%,30%,30%,20%,
218,ΣΤΑΤΙΣΤΙΚΗΣ ΚΑΙ ΑΝΑΛΟΓΙΣΤΙΚΏΝ- ΧΡΗΜΑΤΟΟΙΚΟΝΟΜΙΚΩΝ ΜΑΘΗΜΑΤΙΚΏΝ (ΣΑΜΟΣ),25%,25%,25%,25%,
1391,ΩΚΕΑΝΟΓΡΑΦΙΑΣ ΚΑΙ ΘΑΛΑΣΣΙΏΝ ΒΙΟΕΠΙΣΤΗΜΩΝ (ΜΥΤΙΛΗΝΗ),20%,25%,25%,30%,
673,ΑΓΩΓΗΣ ΚΑΙ ΦΡΟΝΤΙΔΑΣ ΣΤΗΝ ΠΡΩΙΜΗ ΠΑΙΔΙΚΗ ΗΛΙΚΙΑ (ΑΙΓΑΛΕΩ),40%,20%,20%,20%,
674,ΓΡΑΦΙΣΤΙΚΗΣ ΚΑΙ ΟΠΤΙΚΗΣ ΕΠΙΚΟΙΝΩΝΙΑΣ (ΑΙΓΑΛΕΩ),25%,25%,25%,25%,
684,ΕΠΙΣΤΗΜΗΣ ΚΑΙ ΤΕΧΝΟΛΟΓΙΑΣ ΤΡΟΦΙΜΩΝ {ΑΙΓΑΛΕΩ),20%,20%,30%,30%,
685,"ΕΠΙΣΤΗΜΩΝ ΟΙΝΟΥ, ΑΜΠΕΛΟΥ ΚΑΙ ΠΟΤΩΝ {ΑΙΓΑΛΕΩ)",20%,20%,40%,20%,
675,ΕΣΩΤΕΙΚΗΣ ΑΡΧΙΤΕΚΤΟΝΙΚΗΣ (ΑΙΓΑΛΕΩ),35%,20%,20%,25%,
387,ΗΛΕΚΤΡΟΛΟΓΩΝ ΚΑΙ ΗΛΕΚΤΡΟΝΙΚΩΝ ΜΗΧΑ ΙΚΩΝ {ΑΙΓΑΛΕΩ),20%,30%,20%,30%,
388,ΜΗΧΑΝΙΚΩΝ ΒΙΟϊΑΤΡΙΚΗΣ {ΑΙΓΑΛΕΩ),20%,30%,25%,25%,
389,ΜΗΧΑ ΙΚΩΝ ΒΙΟΜΗΧΑΝΙΚΗΣ ΣΧΕΔΙΑΣΗΣ ΚΑΙ ΠΑΡΑΓΩΓΗΣ {ΑΙΓΑΛΕΩ),20%,28%,24%,28%,
390,ΜΗΧΑΝΙΚΩΝ ΠΛΗΡΟΦΟΡΙΚΗΣ ΚΑΙ ΥΠΟΛΟΓΙΣΤΩΝ {ΑΙΓΑΛΕΩ),24%,28%,20%,28%,
391,ΜΗΧΑ ΙΚΩΝ ΤΟΠΟΓΡΑΦΙΑΣ ΚΑΙ ΓΕΩΠΛΗΡΟΦΟΡΙΚΗΣ {ΑΙΓΑΛΕΩ),20%,30%,20%,30%,
392,ΜΗΧΑ ΟΛΟΓΩΝ ΜΗΧΑΝΙΚΩΝ {ΑΙΓΑΛΕΩ),25%,28%,20%,27%,
393,ΝΑΥΠΗΓΩΝ ΜΗΧΑ ΙΚΩΝ (ΑΙΓΑΛΕΩ),20%,30%,20%,30%,
394,ΠΟΛΙΤΙΚΩΝ ΜΗΧΜΙΚΩΝ (ΑΙΓΑΛΕΩ),25%,25%,20%,30%,
676,ΣΥΝΤΗΡΗΣΗΣ ΑΡΧΑΙΟΤΗΤΩΝ ΚΑΙ ΕΡΓΩΝ ΤΕΧΝΗΣ (ΑΙΓΑΛΕΩ),20%,20%,40%,20%,
677,ΦΩΤΟ-ΡΑΦΙΑΣ ΚΑΙ ΟΠΤΙΚΟΑΚΟΥΣΤΙΚΩΝ ΤΕΧΝΩΝ (ΑΙΓΑΛΕΩ),35%,25%,20%,20%,
1552,ΓΕΩΠΟΝΙΑΣ {ΦΛΩΡΙΝΑ),20%,20%,30%,30%,
1544,ΔΙΟΙΚΗΤΙΚΗΣ ΕΠΙΣΤΗΜΗΣ ΚΑΙ ΤΕΧΝΟΛΟΓΙΑΣ {ΚΟΖΑΝΗ),20%,25%,25%,30%,
1564,ΗΛΕΚΤΡΟΛΌΓΩΝ ΜΗΧΑΝΙΚΏΝ ΚΑΙ ΜΗΧΑΝΙΚΏΝ ΥΠΟΛΟΓΙΣΤΏΝ (ΚΟΖΑΝΗ),25%,25%,20%,30%,
1555,ΜΑΘΗΜΑΤΙΚΏΝ (ΚΑΣΤΌΡΙΑ),25%,25%,25%,25%,
1541,ΜΗΧΑΝΙΚΏΝ ΟΡΥΚΤΏΝ ΠΟΡΩΝ (ΚΟΖΑΝΗ),25%,25%,25%,25%,
1542,ΜΗΧΑΝΙΚΏΝ ΣΧΕΔΙΑΣΗΣ ΠΡΟΪΌΝΤΩΝ ΚΑΙ ΣΥΣΤΗΜΑΤΩΝ (ΚΟΖΑΝΗ),25%,25%,25%,25%,
210,ΜΗΧΑΝΟΛΌΓΩΝ ΜΗΧΑΝΙΚΏΝ (ΚΟΖΑΝΗ),24%,26%,24%,26%,
334,ΠΑΙΔΑΓΩΓΙΚΟ ΔΗΜΟΤΙΚΗΣ ΕΚΠΑΙΔΕΥΣΗΣ (ΦΛΩΡΙΝΑ),25%,25%,20%,30%,
341,ΠΑΙΔΑΓΩΓΙΚΌ ΝΗΠΙΑΓΩΓΏΝ (ΦΛΩΡΙΝΑ),25%,25%,25%,25%,
1554,ΠΛΗΡΟΦΟΡΙΚΗΣ (ΚΑΣΤΌΡΙΑ),25%,25%,25%,25%,
1547,ΣΤΑΤΙΣΤΙΚΗΣ ΚΑΙ ΑΣΦΑΛΙΣΤΙΚΗΣ ΕΠΙΣΤΗΜΗΣ {ΓΡΕΒΕΝΑ),20%,20%,20%,40%,
1563,ΧΗΜΙΚΏΝ ΜΗΧΑΝΙΚΏΝ {ΚΟΖΑΝΗ),20%,25%,25%,30%,
236,ΑΡΧΙΤΕΚΤΟΝΩΝ ΜΗΧΑΝΙΚΩΝ (ΒΟΛΟΣ),25%,25%,25%,25%,
284,ΒΙΟΧΗΜΕΙΑΣ ΚΑΙ ΒΙΟΤΕΧΝΟΛΟΓΙΑΣ (ΛΑΡΙΣΑ),25%,20%,30%,25%,
1422,ΓΕΩΠΟΝΙΑΣ - ΑΓΡΟΤΕΧΝΟΛΟΓΙΑΣ (ΛΑΡΙΣΑ),20%,25%,25%,30%,
360,"ΓΕΩΠΟΝΙΑΣ, ΙΧΘΥΟΛΟΓΙΑΣ ΚΑΙ ΥΔΑΤΙΝΟΥ ΠΕΡΙΒΑΛΛΟΝΤΟΣ {ΒΟΛΟΣ)",25%,25%,25%,25%,
274,"ΓΕΩΠΟΝ ΙΑΣ, ΦΥΤΙ ΚΗΣ ΠΑΡΑΓΩΓΗΣ ΚΑΙ ΑΓΡΟΤΙΚΟΥ ΠΕΡΙΒΑΛΛΟΝΤΟΣ (ΒΟΛΟΣ)",20%,30%,30%,20%,
1424,"ΔΑΣΟΛΟΓΙΑΣ, ΕΠΙΣΤΗΜΩΝ ΞΥΛΟΥ ΚΑΙ ΣΧΕΔΙΑΣΜΟΥ (ΚΑΡΔΙΤΣΑ)",25%,25%,30%,20%,
1428,ΕΠΙΣΤΗΜΗΣ ΖΩΙΚΗΣ ΠΑΡΑΓΩΓΗΣ (ΛΑΡΙΣΑ),25%,25%,25%,25%,
1429,ΕΠΙΣΤΗΜΗΣ ΤΡΟΦΙΙVΙΩΝ ΚΑΙ ΔΙΑΤΡΟΦΗΣ {ΚΑΡΔΙΤΣΑ),25%,25%,25%,25%,
405,ΕΠΙΣΤΗΜΗΣ ΦΥΣΙΚΗΣ ΑΓΩΓΗΣ ΚΑΙ ΑΘΛΗΤΙΣΜΟΥ {ΤΡΙΚΑΛΑ),30%,25%,20%,25%,
220,ΗΛΕΚΤΡΟΛΟΓΩΝ ΜΗΧΑΝΙΚΩΝ ΚΑΙ ΜΗΧΑ ΙΚΩΝ ΥΠΟΛΟΓΙΣΤΩΝ (ΒΟΛΟΣ),25%,25%,20%,30%,
1432,ΜΑΘΗΜΑΤΙΚΩΝ (ΛΑΜΙΑ),20%,25%,20%,35%,
228,"ΜΗΧΑΝΙΚΩΝ ΧΩΡΟΤΑΞΙΑΣ, ΠΟΛΕΟΔΟΜΙΑΣ ΚΑΙ ΠΕΡΙΦΕΡΕΙΑΚΗΣ ΑΝΑΠΤΥΞΗΣ (ΒΟΛΟΣ)",20%,27%,20%,33%,
332,ΜΗΧΑΝΟΛΌΓΩΝ ΜΗΧΑΝΙΚΩΝ (ΒΟΛΟΣ),20%,30%,20%,30%,
164,ΠΑΙΔΑΓΩΓΙΚΌ ΔΗΜΟΤΙΚΗΣ ΕΚΠΑΙΔΕΥΣΗΣ (ΒΟΛΟΣ),25%,25%,25%,25%,
178,ΠΑΙΔΑΓΩΓΙΚΌ ΕΙΔΙΚΗΣ ΑΓΩΓΗΣ (ΒΟΛΟΣ),25%,25%,25%,25%,
166,ΠΑΙΔΑΓΩΓΙΚΌ ΠΡΟΣΧΟΛΙΚΗΣ ΕΚΠΑΙΔΕΥΣΗΣ (ΒΟΛΟΣ),25%,25%,25%,25%,
1434,ΠΕΡΙΒΑΛΛΟΝΤΟΣ (ΛΑΡΙΣΑ),25%,20%,25%,30%,
99,ΠΛΗΡΟΦΟΡΙΚΗΣ ΚΑΙ ΤΗΛΕΠΙΚΟΙΝΩΝΙΩΝ (ΛΑΜΙΑ),25%,25%,25%,25%,
369,ΠΛΗΡΟΦΟΡΙΚΗΣ ΜΕ ΕΦΑΡΜΟΓΕΣ ΣΤΗ ΒΙΟΙΑΤΡΙΚΗ (ΛΑΜΙΑ),25%,25%,25%,25%,
208,ΠΟΛΙΤΙΚΩΝ ΜΗΧΑΝΙΚΩΝ (ΒΟΛΟΣ),20%,25%,20%,35%,
1436,ΣΥΣΤΗΜΑΤΩΝ ΕΝΕΡΓΕΙΑΣ (ΛΑΡΙΣΑ),20%,30%,30%,20%,
1437,ΦΥΣΙΚΗΣ (ΛΑΜΙΑ),25%,25%,25%,25%,
1439,ΨΗΦΙΑΚΩΝ ΣΥΣΤΗΜΑΤΩΝ (ΛΑΡΙΣΑ),20%,30%,20%,30%,
1241,ΑΓΩΓΗΣ ΚΑΙ ΦΡΟΝΤΙΔΑΣ ΣΤΗΝ ΠΡΩΙΜΗ ΠΑΙΔΙΚΗ ΗΛΙΚΙΑ (ΙΩΑΝΝΙΝΑ),34%,22%,22%,22%,
779,ΑΡΧΙΤΕΚΤΌΝΩΝ ΜΗΧΑΝΙΚΩΝ (ΙΩΑΝΝΙΝΑ),35%,25%,20%,20%,
280,ΒΙΟΛΟΓΙΚΩΝ ΕΦΑΡΜΟΓΩΝ ΚΑΙ ΤΕΧΝΟΛΟΓΙΩΝ (ΙΩΑΝΝΙΝΑ),20%,20%,30%,30%,
1242,ΓΕΩΠΟΝΙΑΣ (ΑΡΤΑ),25%,20%,25%,30%,
249,ΜΑΘΗΜΑΤΙΚΏΝ (ΙΩΑΝΝΙΝΑ),20%,25%,20%,35%,
272,ΜΗΧΑ ΙΚΩΝ ΕΠΙΣΤΗΜΗΣ ΥΛΙΚΩΝ (ΙΩΑΝΝΙΝΑ),25%,25%,25%,25%,
340,ΜΗΧΑ ΙΚΩΝ ΗΛΕΚΤΡΟΝΙΚΏΝ ΥΠΟΛΟΓΙΣΤΏΝ ΚΑΙ ΠΛΗΡΟΦΟΡΙΚΗΣ (ΙΩΑΝΝΙΝΑ),26%,26%,21%,27%,
1248,ΜΟΥΣΙΚΏΝ ΣΠΟΥΔΏΝ {ΑΡΤΑ),30%,,,20%,
130,ΠΑΙΔΑΓΩΓΙΚΌ ΔΗΜΟΤΙΚΗΣ ΕΚΠΑΙΔΕΥΣΗΣ (ΙΩΑΝΝΙΝΑ),25%,25%,25%,25%,
156,ΠΑΙΔΑΓΩΓΙΚΌ ΝΗΠΙΑΓΩΓΏΝ (ΙΩΑΝΝΙΝΑ),30%,20%,20%,30%,
1250,ΠΛΗΡΟΦΟΡΙΚΗΣ ΚΙΙ.Ι ΤΗΛΕΠΙΚΟΙΝΩΝΙΩΝ {ΑΡΤΑ),25%,25%,25%,25%,
259,ΦΥΣΙΚΗΣ {ΙΩΑΝΝΙΝΑ),20%,33%,20%,27%,
269,ΧΗΜΕΙΑΣ  (ΙΩΑΝΝΙΝΑ),20%,25%,35%,20%,
282,ΒΙΟΛΟΓΙΑΣ {ΗΡΑΚΛΕΙΟ),24%,24%,28%,24%,
200,ΕΠΙΣΤΗΜΗΣ ΚΑΙ ΜΗΧΑΝΙΚΗΣ ΥΛΙΚΏΝ (ΗΡΑΚΛΕΙΟ) (ΜΕΤΟΝΟΜΑΣΙΑ ΤΟΥ ΤΜΗΜΑΤΟΣ ΕΠΙΣΤΗΜΗΣ ΚΑΙ ΤΕΧΝΟΛΟΓΙΑΣ ΥΛΙΚΏΝ),25%,25%,30%,20%,
216,ΕΠΙΣΤΗΜΗΣ ΥΠΟΛΟΓΙΣΤΏΝ (ΗΡΑΚΛΕΙΟ),26%,27%,20%,27%,
248,ΜΑΘΗΜΑΤΙΚΏΝ ΚΑΙ ΕΦΑΡΜΟΣΜΕΝΩΝ ΜΑΘΗΜΑΤΙΚΏΝ (ΗΡΑΚΛΕΙΟ) - ΕΦΑΡΜΟΣΜΕΝΩΝ ΜΑΘΗΜΑΤΙΚΏΝ,20%,25%,20%,35%,
251,ΜΑΘΗΜΑΤΙΚΏΝ ΚΑΙ ΕΦΑΡΜΟΣΜΕΝΩΝ ΜΑΘΗΜΑΤΙΚΏΝ (ΗΡΑΚΛΕΙΟ), - ΜΑΘΗΜΑΤΙΚΏΝ,20%,25%,20%,35%
132,ΠΑΙΔΑΓΩΓΙΚΟ ΔΗΜΟΤΙΚΗΣ ΕΚΠΑΙΔΕΥΣΗΣ (ΡΕΘΥΜΝΟ),25%,25%,25%,25%,
158,ΠΑΙΔΑΓΩΓΙΚΟ ΠΡΟΣΧΟΛΙΚΗΣ ΕΚΠΑΙΔΕΥΣΗΣ (ΡΕΘΥΜΝΟ),40%,20%,20%,20%,
261,ΦΥΣΙΚΗΣ (ΗΡΑΚΛΕΙΟ),20%,27%,20%,33%,
270,ΧΗΜΕΙΑΣ (ΗΡΑΚΛΕΙΟ),20%,26%,27%,27%,
1288,ΑΕΙΦΟΡΙΚΗΣ ΓΕΩΡΓΙΑΣ (ΑΓΡΙΝΙΟ),20%,25%,25%,30%,
1276,"ΑΛΙΕΙΑΣ ΚΑΙ ΥΔΑΤΟΚΑΛΛΙΕΡΓΕΙΩΙ, (ΜΕΣΟΛΟΓΓΙ)",20%,23%,30%,27%,
232,ΑΡΧΙΤΕΚΤΌΝΩΝ ΜΗΧΑΝΙΚΩΝ (ΠΑΤΡΑ),30%,20%,20%,30%,
281,ΒΙΟΛΟΓΙΑΣ (ΠΑΤΡΑ),24%,24%,28%,24%,
287,ΓΕΩΛΟΓΙΑΣ (ΠΑΤΡΑ,,20%,30%,30%,20%
1289,ΓΕΩΠΟΝΙΑΣ (ΜΕΣΟΛΟΓΓΙ),20%,25%,30%,25%,
1282,ΔΙΟΙΚΗΤΙΚΗΣ ΕΠΙΣΤΗΜΗΣ ΚΑΙ ΤΕΧΝΟΛΟΓΙΑΣ (ΠΑΤΡΑ),30%,20%,20%,30%,
1278,ΕΠΙΣΤΗΜΗΣ ΚΑΙ ΤΕΧΝΟΛΟΓΙΑΣ ΤΡΟΦΙΜΩΝ (ΑΓΡΙΝΙΟ),20%,20%,40%,20%,
288,ΕΠΙΣΤΗΜΗΣ ΤΩΝ ΥΛΙΚΩΝ (ΠΑΤΡΑ),22%,27%,28%,23%,
1286,ΕΠΙΣΤΗΜΩΝ ΤΗΣ ΕΚΠΑΙΔΕΥΣΗΣ ΚΑΙ ΚΟΙΝΩΝΙΚΗΣ ΕΡΓΑΣΙΑΣ (ΠΑΤΡΑ),29%,22%,20%,29%,
136,ΕΠΙΣΤΗΜΩΝ ΤΗΣ ΕΚΠΑΙΔΕΥΣΗΣ ΚΑΙ ΤΗΣ ΑΓΩΓΗΣ ΣΤΗΝ ΠΡΟΣΧΟΛΙΚΗ ΗΛΙΚΙΙΙ. (ΠΑΤΡΑ),40%,20%,20%,20%,
221,ΗΛΕΚΤΡΟΛΌΓΩΝ ΜΗΧΑΝΙΚΩΝ ΚΑΙ ΤΕΧΝΟΛΟΓΙΑΣ ΥΠΟΛΟΓΙΣΤΩΝ (ΠΑΤΡΑ) - ΠΑΝ. ΠΑΤΡΩΝ,25%,25%,20%,30%,
247,ΜΑΘΗΜΑΤΙΚΩΝ (ΠΑΤΡΑ),20%,27%,20%,33%,
215,ΜΗΧΑΝΙΚΩΝ ΗΛΕΚΤΡΟΝΙΚΩΝ ΥΠΟΛΟΓΙΣΤΩΝ ΚΑΙ ΠΛΗΡΟΦΟΡΙΚΗΣ (ΠΑΤΡΑ),21%,27%,20%,32%,
213,ΜΗΧΑΝΟΛΟΓΩΝ ΚΑΙ ΑΕΡΟΝΑΥΠΗΓΩΝ ΜΗΧΑΝΙΚΩΝ (ΠΑΤΡΑ),20%,30%,20%,30%,
205,ΠΟΛΙΤΙΚΩΝ ΜΗΧΑΝΙΚΩΝ (ΠΑΤΡΑ) - ΠΑΝ. ΠΑΤΡΩΝ,20%,25%,20%,35%,
257,ΦΥΣΙΚΗΣ {ΠΑΤΡΑ),20%,30%,20%,30%,
267,ΧΗΜΕΙΑΣ {ΠΑΤΡΑ),20%,20%,40%,20%,
239,ΧΗΜΙΚΩΝ ΜΗΧΑΝΙΚΩΝ {ΠΑΤΡΑ),20%,25%,25%,30%,
336,ΒΙΟΜΗΧΑΝΙΚΗΣ ΔΙΟΙΚΗΣΗΣ ΚΑΙ ΤΕΧΝΟΛΟΓΙΑΣ {ΠΕΙΡΑΙΑΣ),20%,25%,20%,35%,
339,ΠΛΗΡΟΦΟΡΙΚΗΣ (ΠΕΙΡΑΙΑΣ),25%,25%,20%,30%,
318,ΣΤΑΤΙΣΤΙΚΗΣ ΚΑΙ ΑΣΦΑΛΙΣΤΙΚΗΣ ΕΠΙΣΤΗΜΗΣ {ΠΕΙΡΑΙΑΣ),20%,25%,25%,30%,
155,ΧΡΗΜΑΤΟΟΙΚΟΝΟΜΙΚΗΣ ΚΑΙ ΤΡΑΠΕΖΙΚΗΣ ΔΙΟΙΚΗΤΙΚΗΣ (ΠΕΙΡΡ.ΙΑΣ),25%,25%,25%,25%,
262,ΨΗΦΙΑΚΩΝ ΣΥΣΤΗΜΑΤΩΝ (ΠΕΙΡΑΙΑΣ),20%,30%,20%,30%,
1511,ΓΕΩΠΟΝΙΑΣ (ΚΑΛΑΜΑΤΑ),24%,24%,28%,24%,
1518,ΔΙΟΙΚΗΤΙΚΗΣ ΕΠΙΣΤΗΜΗΣ ΚΑΙ ΤΕΧΝΟΛΟΓΙΑΣ (ΤΡΙΓΟΛΗ),25%,25%,25%,25%,
1512,ΕΠΙΣΤΗΜΗΣ ΚΑΙ ΤΕΧΝΟΛΟΓΙΑΣ ΤΡΟΦΙΜΩΝ (ΚΑΛΑΜΑΤΑ),20%,30%,30%,20%,
1522,ΗΛΕΚΤΡΟΛΌΓΩΝ ΜΗΧΑΝΙΚΩΝ ΚΑΙ ΜΗΧΑ ΙΚΩΝ ΥΠΟΛΟΓΙΣΤΩΝ (ΠΑΤΡΑ) - ΠΑΝ. ΠΕΛ/ΝΗΣΟΥ,25%,27%,20%,28%,
1523,ΜΗΧΑ ΟΛΟΓΩΝ ΜΗΧΑΝΙΚΏΝ (ΠΑΤΡΑ) - ΠΑΝ. ΠΕΛ/ΝΗΣΟΥ,25%,25%,25%,25%,
1517,ΠΑΡΑΣΤΑΤΙΚΩΝ ΚΑΙ ΨΗΦΙΑΚΏΝ TEXNCN (ΝΑΥΠΛΙΟ),25%,25%,25%,25%,
98,ΠΛΗΡΟΦΟΡΙΚΗΣ ΚΡ.Ι ΤΗΛΕΠΙΚΟΙΝΩΝΙΩΝ (ΤΡΙΠΟΛΗ),25%,25%,25%,25%,
1524,ΠΟΛΙΤΙΚΩΝ ΜΗΧΑΝΙΚΩΝ (ΠΑΤΡΑ) - ΠΑΝ. ΠΕΛ/ΝΗΣΟΥ,25%,27%,20%,28%,
1519,ΨΗΦΙΑΚΩΝ ΣΥΣΤΗΜΑΤΩΝ {ΣΠΑΡΤΗ),28%,22%,22%,28%,
370,ΑΡΧΙΤΕΚΤΌΝΩΝ ΜΗΧΑΝΙΚΩΝ (ΧΑΝΙΑ),25%,25%,25%,25%,
331,ΗΛΕΚΤΡΟΛΌΓΩΝ ΜΗΧΑΝΙΚΩΝ ΚΑΙ ΜΗΧΑΝΙΚΩΝ ΥΠΟΛΟΓΙΣΤΩΝ {ΧΑΝΙΑ),23%,27%,20%,30%,
242,ΜΗΧΑΝΙΚΩΝ ΟΡΥΚΤΩΝ ΠΟΡΩΝ (ΧΑΝΙΑ),20%,25%,25%,30%,
230,ΜΗΧΑΝΙΚΩΝ ΠΑΡΑΓΩΓΗΣ ΚΑΙ ΔΙΟΙΚΗΣΗΣ (ΧΑΝΙΑ),20%,30%,20%,30%,
214,ΧΗΜΙΚΩΝ ΜΗΧΑΝΙΚΩΝ ΚΑΙ ΜΗΧΑΝΙΚΩΝ ΠΕΡΙΒΑΛΛΟΝΤΟΣ (ΧΑΝΙΑ),25%,25%,25%,25%,
877,ΑΞΙΩΜΑΤΙΚΩΝ ΠΥΡΟΣΒΕΣΤΙΚΗΣ ΑΚΑΔΗΜΙΑΣ (ΜΟΝΟ ΓΙΑ ΠΟΛΙΤΕΣ),20%,20%,30%,30%,
871,ΑΞΙΩΜΑΤΙΚΩΝ ΠΥΡΟΣΒΕΣΤΙΚΗΣ ΑΚΑΔΗΜΙΑΣ (ΜΟΝΟ ΓΙΑ ΠΥΡΟΣΒΕΣΤΕΣ),20%,20%,30%,30%,
876,ΣΧΟΛΗ ΓΙΥΡΟΣΒΕΣΤΩΝ (ΜΟΝΟ ΓΙΑ ΠΟΛΙΤΕΣ),20%,20%,30%,30%,
827,ΙΚΑΡΩΝ (ΣΙ) ΕΛΕΓΚΤΕΣ ΑΕΡΑΜΥΝΑΣ,25%,25%,20%,30%,
885,ΙΚΑΡΩΝ (ΣΙ) ΕΡΕΥΝΡ.Σ ΠΛΗΡΟΦΟΡΙΚΗΣ,25%,25%,20%,30%,
821,ΙΚΑΡΩΝ (ΣΙ) ΙΠΤΑΜΕΝΟΙ,25%,25%,20%,30%,
884,ΙΚΑΡΩΝ (ΣΙ) ΜΕΤΕΩΡΟΛΟΓΩΝ,25%,25%,20%,30%,
826,ΙΚΑΡΩΝ (ΣΙ) ΜΗΧΑΝΙΚΟΙ (ΣΜΑ),25%,25%,20%,30%,
862,ΜΟΝΙΜΩΝ ΥΠΑΞΙΩΜΑΤΙΚΩΝ ΣΤΡΑΤΟΥ (Σ.Μ.Υ.) - ΟΠΛΑ,20%,30%,20%,30%,
863,ΜΟΝΙΜΩΝ ΥΠΑΞΙΩΜΑΤΙΚΩΝ ΣΤΡΑΤΟΥ (Σ.Μ.Υ.) -ΣΩΜΑΤΑ,20%,30%,20%,30%,
880,ΜΟΝΙΜΩΝ ΥΠΑΞΙΩΜΑΤΙΚΩΝ ΑΕΡΟΠΟΡΙΑΣ (ΣΜΥΑ) - ΚΑΤΕΥΘΥΝΣΗ ΔΙΟΙΚΗΤΙΚΗΣ ΚΑΙ ΕΦΟΔΙΑΣΤΙΚΗΣ ΥΠΟΣΤΗ ΡΙΞΗΣ,25%,25%,20%,30%,
879,ΜΟΝΙΜΩΝ ΥΠΑΞΙΩΜΑΤΙΚΩΝ ΑΕΡΟΠΟΡΙΑΣ (ΣΜΥΑ) - ΚΑΤΕΥΘΥΝΣΗ ΕΠΙΧΕΙΡΗΣΙΑΚΗΣ ΥΠΟΣΤΗΡΙΞΗΣ,25%,25%,20%,30%,
888,ΜΟΝΙΜΩΝ ΥΠΑΞΙΩΜΑΤΙΚΩΝ ΑΕΡΟΠΟΡΙΑΣ (ΣΜΥΑ) - ΚΑΤΕΥΘΥrΙΣΗ ΕΠΙΧΕΙΡΗΣΙΑΚΗΣ ΥΠΟΣΤΗΡΙΞΗΣ- ΡΑΔΙΟΝΑ ΥΤΙΛΟΙ,25%,25%,20%,30%,
878,ΜΟΝΙΜΩΝ ΥΠΑΞΙΩΜΑΤΙΚΩΝ ΑΕΡΟΠΟΡΙΑΣ (ΣΜΥΑ) - ΚΑΤΕΥΘΥΝΣΗ ΤΕΧΝΟΛΟΓΙΚΗΣ ΥΠΟΣΤΗΡΙΞΗΣ,25%,25%,20%,30%,
864,ΜΟΝΙΜΩΝ ΥΠΑΞΙΩΜΑΤΙΚΩΝ ΝΑΥΤΙΚΟΥ {Σ.Μ.Υ.Ν.),30%,20%,20%,30%,
811,ΝΑΥΤΙΚΩΝ ΔΟΚΙΜΩΝ {ΣΝΔ) ΜΑΧΙΜΟΙ,22%,25%,20%,33%,
816,ΝΑΥΤΙΚΩΝ ΔΟΚΙΜΩΝ {ΣΝΔ) ΜΗΧΑ ΙΚΟΙ,22%,25%,20%,33%,
889,ΠΛΗΡΟΦΟΡΙΚΗΣ (ΣΣΑΣ) ΘΕΣ/ΝIΚ-j,20%,30%,20%,30%,
801,ΕΥΕΛΠΙΔΩΝ {ΣΣΕ) -ΟΠΛΑ,25%,20%,20%,35%,
806,ΕΥΕΛΠΙΔΩΝ {ΣΣΕ) -ΣΩΜΑΤΑ,25%,20%,20%,35%,
356,ΓΕΩΓΡΑΦΙΑΣ (ΑΘΗΝΑ),25%,25%,25%,25%,
412,ΠΛΗΡΟΦΟΡΙΚΗΣ ΚΙΙ.Ι ΤΗΛΕΜΑΤΙΚΗΣ (ΑΘΗ Α),20%,30%,20%,30%,
